{
  "lr-AdamW": 0.00015624999650754035,
  "train/loss": 0.04261407628655434,
  "train/loss_step": 0.05003998056054115,
  "val/loss": 0.04243787005543709,
  "val/mae": 0.01701660081744194,
  "val/mse": 0.0012606519740074873,
  "train/loss_epoch": 0.04261407628655434
}