{
  "lr-AdamW": 0.0012499999720603228,
  "train/loss": 0.04436526447534561,
  "train/loss_step": 0.04332558810710907,
  "val/loss": 0.04807513207197189,
  "val/mae": 0.019185040146112442,
  "val/mse": 0.0013400701573118567,
  "train/loss_epoch": 0.04436526447534561
}